{"pool_address": "5L9A7JSLUHWnAaymQXBW7vviMDZ8heZf8e4StGkgX2P8", "reconstruction_loss": 0.0013623153790831566, "threshold": 0.195866, "status": "RUG_PULL"}
{"pool_address": "HPvYcytojDpzAGgwzEQYSjzMGnBCYfZzDpkpa4bHFUKo", "reconstruction_loss": 0.0005422194371931255, "threshold": 0.195866, "status": "RUG_PULL"}
{"pool_address": "9DWXYxTQqkxiLTeyGxygFw4s3TPifVSk5NUPZ3HPDgnT", "reconstruction_loss": 0.0004380511527415365, "threshold": 0.195866, "status": "RUG_PULL"}
{"pool_address": "CrsvczNLdhUUVy9q92r3VoS4RchoTozaaGKFdTrWzUyK", "reconstruction_loss": 0.31241294741630554, "threshold": 0.195866, "status": "SAFE"}
{"pool_address": "FnKdyc5HqmgY7tfm2wjwS3B6jZ6usGSsLkKGR1S41Sa3", "reconstruction_loss": 0.0004933509044349194, "threshold": 0.195866, "status": "RUG_PULL"}
{"pool_address": "8taDS3CUYLzNqPadw9aY4jfqbTvsQrwtsAUT2wVt6hft", "reconstruction_loss": 0.005386540200561285, "threshold": 0.195866, "status": "RUG_PULL"}
{"pool_address": "EkkGXNBb1GmQQkxahz3R6GFYRDxu9kM3vxaZncEtYbQ5", "reconstruction_loss": 0.002064952626824379, "threshold": 0.195866, "status": "RUG_PULL"}
{"pool_address": "2VDEn7q26zX6uKcxSHwFagfi5rhmp9G8DWLSyR9JcgDf", "reconstruction_loss": 0.025770528241991997, "threshold": 0.195866, "status": "RUG_PULL"}
{"pool_address": "6YxZcVScXpSLQb6NUPsWBuEMyvdW65VBJv78D7KtjV7B", "reconstruction_loss": 0.0026994780637323856, "threshold": 0.195866, "status": "RUG_PULL"}
{"pool_address": "6KwPz4dM3HW19TrGueYwQZ5UNkVPxXHqmLFYAgg62fSW", "reconstruction_loss": 0.003297356190159917, "threshold": 0.195866, "status": "RUG_PULL"}
{"pool_address": "CNTRv1yf4APjV2SeGSzisP9r5n9zYesR2VifP3GaCybX", "reconstruction_loss": 0.005182240623980761, "threshold": 0.195866, "status": "RUG_PULL"}
{"pool_address": "65oeemdkFvn2QsW9N42mx9KHdhUpvbcgwYFmTb6wRSyC", "reconstruction_loss": 0.0005703290808014572, "threshold": 0.195866, "status": "RUG_PULL"}
{"pool_address": "H9B7wtgedgomf1WkRyA4cY8j1Q28xu3JPEAxUfWRwMfy", "reconstruction_loss": 0.0007285620085895061, "threshold": 0.195866, "status": "RUG_PULL"}
{"pool_address": "9usuSrSzzUNrE9KtirY9VosWAKqCGCW2b1f9DfqdF9n7", "reconstruction_loss": 254.03921508789062, "threshold": 0.195866, "status": "SAFE"}
{"pool_address": "7vfvqKBSVnYGMg8AsnJzJRmGUGyJcxGK4YwfphNTSYgP", "reconstruction_loss": 87151.8125, "threshold": 0.195866, "status": "SAFE"}
{"pool_address": "ATatzzMNVge7YYxuz5YgDnFfXrobv4ULjxqPtu3t6aaN", "reconstruction_loss": 0.001419022330082953, "threshold": 0.195866, "status": "RUG_PULL"}
{"pool_address": "6GQouLAEgcKaFn9X48G6GbjBNZKFnSwbUcZKRok6J77S", "reconstruction_loss": 0.002406784798949957, "threshold": 0.195866, "status": "RUG_PULL"}
{"pool_address": "ArQSGgaxVuzvg1RLikXdss8Zyg94LD3B5NTYsyzHmMbn", "reconstruction_loss": 0.0005069194594398141, "threshold": 0.195866, "status": "RUG_PULL"}
{"pool_address": "CZssCAgJBeD3mTpq9RpXiEEEMVehwC8GVGutL5p2LvML", "reconstruction_loss": 0.00594298867508769, "threshold": 0.195866, "status": "RUG_PULL"}
{"pool_address": "6AGndrf3bNvsy1vdpYqj36dP66nLqwzQcfSfXXimtk5u", "reconstruction_loss": 0.0007622058037668467, "threshold": 0.195866, "status": "RUG_PULL"}
{"pool_address": "DLwctLYtL1c6fHqJ3wcNfQLkFjNYcL42NDAKgdrPuEx5", "reconstruction_loss": 0.0004718317650258541, "threshold": 0.195866, "status": "RUG_PULL"}
{"pool_address": "9yJSM8dMRbREXML2rswcqAv4MAc72ZoNFDYjqv7MQm7g", "reconstruction_loss": 0.00038024564855732024, "threshold": 0.195866, "status": "RUG_PULL"}
{"pool_address": "ERSVso7fv2RvmUZ3CYX3NM8MpQfZFNvsZQeznowa7bf2", "reconstruction_loss": 0.0033954759128391743, "threshold": 0.195866, "status": "RUG_PULL"}
{"pool_address": "5YGbKvDeNSPU1iCWnsqCksSfovsJjJFqXj4t5hcFXS6B", "reconstruction_loss": 0.004171683918684721, "threshold": 0.195866, "status": "RUG_PULL"}
{"pool_address": "6ztAP6V9yfzJrtkUWKsrTrquGKdPtzh4vkWStojDPsTu", "reconstruction_loss": 0.0005074297660030425, "threshold": 0.195866, "status": "RUG_PULL"}
{"pool_address": "BDXHRK6e1eWPxJ1QeCzEnn6sBenxLN2WqoDR4A1ueoec", "reconstruction_loss": 0.0008117055986076593, "threshold": 0.195866, "status": "RUG_PULL"}
{"pool_address": "6G9tvoGES8YR6u12b5sez4wpatZKXq9tb85wupBH2gtw", "reconstruction_loss": 0.002152001019567251, "threshold": 0.195866, "status": "RUG_PULL"}
{"pool_address": "BYTiU8GjkirF5mArUiYxZZA89iFyAyHxXPHG4YoEPDB1", "reconstruction_loss": 0.0008811198058538139, "threshold": 0.195866, "status": "RUG_PULL"}
{"pool_address": "5AM996juLs5gCZx6sA91PhBeMvdfih7vYwKCi5gqiEMY", "reconstruction_loss": 0.0011802709195762873, "threshold": 0.195866, "status": "RUG_PULL"}
{"pool_address": "GmXvqjfnMmNHF4RRCx8aEZmbUwSTmGbF9YSaeDfoGm7w", "reconstruction_loss": 261.4627380371094, "threshold": 0.195866, "status": "SAFE"}
{"pool_address": "9Fg8Wo2nvLhrRWxhPziQxocLJwVhx7RVr553pVpZejMJ", "reconstruction_loss": 0.013085372745990753, "threshold": 0.195866, "status": "RUG_PULL"}
{"pool_address": "7jEE8ggjDmLYtwANXZGzd9UB1mwHqZqU7KCFQJkcFtsM", "reconstruction_loss": 0.0004772589891217649, "threshold": 0.195866, "status": "RUG_PULL"}
