{"pool_address": "BbZrpRRNeWQNhW841qF7mw6ko29NKX8pvm7Nr4F5rvYF", "reconstruction_loss": 0.0008011746685951948, "threshold": 0.195866, "status": "RUG_PULL"}
{"pool_address": "4Kuq75pKwP1Rf6M1s8UfZEfptJdz7MCoijMrreSWvjRh", "reconstruction_loss": 0.0005123587907291949, "threshold": 0.195866, "status": "RUG_PULL"}
{"pool_address": "qz1fdxfahEGvHjq1PxaUaYNBnNBtGbzYaDQ1zTdffAP", "reconstruction_loss": 0.19861669838428497, "threshold": 0.195866, "status": "SAFE"}
{"pool_address": "qz1fdxfahEGvHjq1PxaUaYNBnNBtGbzYaDQ1zTdffAP", "reconstruction_loss": 0.19861669838428497, "threshold": 0.195866, "status": "SAFE"}
{"pool_address": "qz1fdxfahEGvHjq1PxaUaYNBnNBtGbzYaDQ1zTdffAP", "reconstruction_loss": 0.19861669838428497, "threshold": 0.195866, "status": "SAFE"}
{"pool_address": "qz1fdxfahEGvHjq1PxaUaYNBnNBtGbzYaDQ1zTdffAP", "reconstruction_loss": 0.19861669838428497, "threshold": 0.195866, "status": "SAFE"}
{"pool_address": "qz1fdxfahEGvHjq1PxaUaYNBnNBtGbzYaDQ1zTdffAP", "reconstruction_loss": 0.19861669838428497, "threshold": 0.195866, "status": "SAFE"}
{"pool_address": "qz1fdxfahEGvHjq1PxaUaYNBnNBtGbzYaDQ1zTdffAP", "reconstruction_loss": 0.19861669838428497, "threshold": 0.195866, "status": "SAFE"}
{"pool_address": "qz1fdxfahEGvHjq1PxaUaYNBnNBtGbzYaDQ1zTdffAP", "reconstruction_loss": 0.19861669838428497, "threshold": 0.195866, "status": "SAFE"}
{"pool_address": "qz1fdxfahEGvHjq1PxaUaYNBnNBtGbzYaDQ1zTdffAP", "reconstruction_loss": 0.19861669838428497, "threshold": 0.195866, "status": "SAFE"}
{"pool_address": "qz1fdxfahEGvHjq1PxaUaYNBnNBtGbzYaDQ1zTdffAP", "reconstruction_loss": 0.19861669838428497, "threshold": 0.195866, "status": "SAFE"}
{"pool_address": "qz1fdxfahEGvHjq1PxaUaYNBnNBtGbzYaDQ1zTdffAP", "reconstruction_loss": 0.19861669838428497, "threshold": 0.195866, "status": "SAFE"}
{"pool_address": "42ycPi8vpaD1NPicUzyGpEa5CwPq16PKutQUF1ejbh3n", "reconstruction_loss": 0.0032065147534012794, "threshold": 0.195866, "status": "RUG_PULL"}
{"pool_address": "6CCxCR588ahLvhb6kteRW8jnc7w4c7wpNZG5Bhd86qni", "reconstruction_loss": 0.0009955265559256077, "threshold": 0.195866, "status": "RUG_PULL"}
{"pool_address": "7xecU5AU3MtBoTUAAeCF3TW3oGJNjybYRonLTu8n6iWK", "reconstruction_loss": 0.002572270343080163, "threshold": 0.195866, "status": "RUG_PULL"}
{"pool_address": "F9ahYZFvG7wU421ZLnNDrNRs2bGaceDyQPSLXz3s6ErS", "reconstruction_loss": 0.00025421413010917604, "threshold": 0.195866, "status": "RUG_PULL"}
