{"pool_address": "5L9A7JSLUHWnAaymQXBW7vviMDZ8heZf8e4StGkgX2P8", "base_mint": "8f622ZRMjoqG2WvwdEmq6VvJ85rWFub6cve17tConcaX", "status": "RUG_PULL", "risk_count": 8, "risks": [{"name": "Large Amount of LP Unlocked", "value": "100.00%", "description": "A large amount of LP tokens are unlocked, allowing the owner to remove liquidity at any point.", "score": 10999, "level": "danger"}, {"name": "Low Amount of holders", "value": "", "description": "Not many holders are holding the token", "score": 10000, "level": "warn"}, {"name": "Single holder ownership", "value": "50.00%", "description": "One user holds a large amount of the token supply", "score": 5000, "level": "danger"}, {"name": "High transfer fee", "value": "", "description": "Each transfer of this token incurs a high tax", "score": 2000, "level": "danger"}, {"name": "High holder concentration", "value": "", "description": "The top 10 users hold more than 50% token supply", "score": 1000, "level": "warn"}, {"name": "Low amount of LP Providers", "value": "", "description": "Only a few users are providing liquidity", "score": 400, "level": "warn"}, {"name": "Fee config enabled", "value": "", "description": "The owner can change the fees at any time", "score": 200, "level": "warn"}, {"name": "Mutable metadata", "value": "", "description": "Token metadata can be changed by the owner", "score": 100, "level": "warn"}]}
{"pool_address": "HPvYcytojDpzAGgwzEQYSjzMGnBCYfZzDpkpa4bHFUKo", "base_mint": "B1M3wUxJvFffn3QSMnGMB2jtZg9k2Gqb22GiQXPs4g3D", "status": "RUG_PULL", "risk_count": 3, "risks": [{"name": "Large Amount of LP Unlocked", "value": "100.00%", "description": "A large amount of LP tokens are unlocked, allowing the owner to remove liquidity at any point.", "score": 10999, "level": "danger"}, {"name": "Low amount of LP Providers", "value": "", "description": "Only a few users are providing liquidity", "score": 400, "level": "warn"}, {"name": "Mutable metadata", "value": "", "description": "Token metadata can be changed by the owner", "score": 100, "level": "warn"}]}
{"pool_address": "9DWXYxTQqkxiLTeyGxygFw4s3TPifVSk5NUPZ3HPDgnT", "base_mint": "9pEnFHeRVQKwsAGEVxtpHZaTi2z1vtc14VCfrBLoiRVg", "status": "RUG_PULL", "risk_count": 3, "risks": [{"name": "Large Amount of LP Unlocked", "value": "100.00%", "description": "A large amount of LP tokens are unlocked, allowing the owner to remove liquidity at any point.", "score": 10999, "level": "danger"}, {"name": "Low Liquidity", "value": "$100.81", "description": "Low amount of liquidity in the token pool", "score": 2899, "level": "danger"}, {"name": "Low amount of LP Providers", "value": "", "description": "Only a few users are providing liquidity", "score": 500, "level": "warn"}]}
{"pool_address": "CrsvczNLdhUUVy9q92r3VoS4RchoTozaaGKFdTrWzUyK", "base_mint": "6DXc6DrohMpsnVFSdNn1mFfZmhwFJ8U2zKvjA57SChK4", "status": "RUG_PULL", "risk_count": 6, "risks": [{"name": "Freeze Authority still enabled", "value": "", "description": "Tokens can be frozen and prevented from trading", "score": 25000, "level": "danger"}, {"name": "Large Amount of LP Unlocked", "value": "100.00%", "description": "A large amount of LP tokens are unlocked, allowing the owner to remove liquidity at any point.", "score": 10999, "level": "danger"}, {"name": "Low Liquidity", "value": "$3.75", "description": "Low amount of liquidity in the token pool", "score": 2996, "level": "danger"}, {"name": "Symbol Mismatch", "value": "", "description": "Token symbol does not match the file metadata", "score": 1500, "level": "danger"}, {"name": "Low amount of LP Providers", "value": "", "description": "Only a few users are providing liquidity", "score": 500, "level": "warn"}, {"name": "Name Mismatch", "value": "", "description": "Token name does not match the file metadata", "score": 100, "level": "warn"}]}
{"pool_address": "FnKdyc5HqmgY7tfm2wjwS3B6jZ6usGSsLkKGR1S41Sa3", "base_mint": "3N9KHS2e6Kh4bYc1mKxNBwwuRzqV2tkVkg33deD8KGZ7", "status": "RUG_PULL", "risk_count": 3, "risks": [{"name": "Large Amount of LP Unlocked", "value": "100.00%", "description": "A large amount of LP tokens are unlocked, allowing the owner to remove liquidity at any point.", "score": 11000, "level": "danger"}, {"name": "Low Amount of holders", "value": "", "description": "Not many holders are holding the token", "score": 10000, "level": "warn"}, {"name": "Low amount of LP Providers", "value": "", "description": "Only a few users are providing liquidity", "score": 500, "level": "warn"}]}
{"pool_address": "8taDS3CUYLzNqPadw9aY4jfqbTvsQrwtsAUT2wVt6hft", "base_mint": "GWdVdB77Agq45QCi4KiuwGoR8cvZcrRgCP7WCDb1QUqo", "status": "RUG_PULL", "risk_count": 3, "risks": [{"name": "Large Amount of LP Unlocked", "value": "100.00%", "description": "A large amount of LP tokens are unlocked, allowing the owner to remove liquidity at any point.", "score": 11000, "level": "danger"}, {"name": "Creator history of rugged tokens", "value": "", "description": "Creator has a history of rugging tokens.", "score": 2400, "level": "danger"}, {"name": "Low amount of LP Providers", "value": "", "description": "Only a few users are providing liquidity", "score": 500, "level": "warn"}]}
{"pool_address": "EkkGXNBb1GmQQkxahz3R6GFYRDxu9kM3vxaZncEtYbQ5", "base_mint": "2VBn5YJRe4ioapDLBF1963oXbkJLQRpvFrRxL54eLfhR", "status": "RUG_PULL", "risk_count": 2, "risks": [{"name": "Large Amount of LP Unlocked", "value": "100.00%", "description": "A large amount of LP tokens are unlocked, allowing the owner to remove liquidity at any point.", "score": 11000, "level": "danger"}, {"name": "Low amount of LP Providers", "value": "", "description": "Only a few users are providing liquidity", "score": 500, "level": "warn"}]}
{"pool_address": "2VDEn7q26zX6uKcxSHwFagfi5rhmp9G8DWLSyR9JcgDf", "base_mint": "3DmuA7sBrP6s8mhTpd8nPwqvwBhEHy8vpBrwD4fUtGMp", "status": "RUG_PULL", "risk_count": 7, "risks": [{"name": "Large Amount of LP Unlocked", "value": "100.00%", "description": "A large amount of LP tokens are unlocked, allowing the owner to remove liquidity at any point.", "score": 11000, "level": "danger"}, {"name": "Top 10 holders high ownership", "value": "", "description": "The top 10 users hold more than 70% token supply", "score": 9821, "level": "danger"}, {"name": "Single holder ownership", "value": "26.49%", "description": "One user holds a large amount of the token supply", "score": 8374, "level": "warn"}, {"name": "Single holder ownership", "value": "57.25%", "description": "One user holds a large amount of the token supply", "score": 5725, "level": "danger"}, {"name": "Low Liquidity", "value": "$1.55", "description": "Low amount of liquidity in the token pool", "score": 2998, "level": "danger"}, {"name": "High ownership", "value": "", "description": "The top users hold more than 80% token supply", "score": 1472, "level": "danger"}, {"name": "Low amount of LP Providers", "value": "", "description": "Only a few users are providing liquidity", "score": 500, "level": "warn"}]}
{"pool_address": "6YxZcVScXpSLQb6NUPsWBuEMyvdW65VBJv78D7KtjV7B", "base_mint": "FguUgC3zesvcx82n4zZZoYLp9XXtpxrw3CL943T1bjrM", "status": "RUG_PULL", "risk_count": 7, "risks": [{"name": "Mint Authority still enabled", "value": "", "description": "More tokens can be minted by the owner", "score": 50000, "level": "danger"}, {"name": "Large Amount of LP Unlocked", "value": "100.00%", "description": "A large amount of LP tokens are unlocked, allowing the owner to remove liquidity at any point.", "score": 11000, "level": "danger"}, {"name": "Single holder ownership", "value": "43.26%", "description": "One user holds a large amount of the token supply", "score": 4325, "level": "danger"}, {"name": "Low Liquidity", "value": "$4.09", "description": "Low amount of liquidity in the token pool", "score": 2995, "level": "danger"}, {"name": "High holder concentration", "value": "", "description": "The top 10 users hold more than 50% token supply", "score": 1181, "level": "warn"}, {"name": "Low amount of LP Providers", "value": "", "description": "Only a few users are providing liquidity", "score": 500, "level": "warn"}, {"name": "Mutable metadata", "value": "", "description": "Token metadata can be changed by the owner", "score": 100, "level": "warn"}]}
{"pool_address": "6KwPz4dM3HW19TrGueYwQZ5UNkVPxXHqmLFYAgg62fSW", "base_mint": "EnouBJUqnZEFA73DzQX4z6QrfL2gvfXkBNhFYbMU3PNc", "status": "RUG_PULL", "risk_count": 7, "risks": [{"name": "Large Amount of LP Unlocked", "value": "100.00%", "description": "A large amount of LP tokens are unlocked, allowing the owner to remove liquidity at any point.", "score": 11000, "level": "danger"}, {"name": "Top 10 holders high ownership", "value": "", "description": "The top 10 users hold more than 70% token supply", "score": 9765, "level": "danger"}, {"name": "Single holder ownership", "value": "27.79%", "description": "One user holds a large amount of the token supply", "score": 7844, "level": "warn"}, {"name": "Single holder ownership", "value": "50.66%", "description": "One user holds a large amount of the token supply", "score": 5066, "level": "danger"}, {"name": "Low Liquidity", "value": "$2.04", "description": "Low amount of liquidity in the token pool", "score": 2997, "level": "danger"}, {"name": "High ownership", "value": "", "description": "The top users hold more than 80% token supply", "score": 1466, "level": "danger"}, {"name": "Low amount of LP Providers", "value": "", "description": "Only a few users are providing liquidity", "score": 500, "level": "warn"}]}
{"pool_address": "CNTRv1yf4APjV2SeGSzisP9r5n9zYesR2VifP3GaCybX", "base_mint": "EL7KEJYJkXH3Tp92Qk8Bn1QA7VCKDJcdGSPTAKX5Vw9B", "status": "RUG_PULL", "risk_count": 9, "risks": [{"name": "Mint Authority still enabled", "value": "", "description": "More tokens can be minted by the owner", "score": 50000, "level": "danger"}, {"name": "Large Amount of LP Unlocked", "value": "100.00%", "description": "A large amount of LP tokens are unlocked, allowing the owner to remove liquidity at any point.", "score": 11000, "level": "danger"}, {"name": "Top 10 holders high ownership", "value": "", "description": "The top 10 users hold more than 70% token supply", "score": 9874, "level": "danger"}, {"name": "Single holder ownership", "value": "23.11%", "description": "One user holds a large amount of the token supply", "score": 5539, "level": "warn"}, {"name": "Single holder ownership", "value": "32.28%", "description": "One user holds a large amount of the token supply", "score": 3228, "level": "warn"}, {"name": "Low Liquidity", "value": "$0.05", "description": "Low amount of liquidity in the token pool", "score": 2999, "level": "danger"}, {"name": "High ownership", "value": "", "description": "The top users hold more than 80% token supply", "score": 1477, "level": "danger"}, {"name": "Low amount of LP Providers", "value": "", "description": "Only a few users are providing liquidity", "score": 500, "level": "warn"}, {"name": "Mutable metadata", "value": "", "description": "Token metadata can be changed by the owner", "score": 100, "level": "warn"}]}
{"pool_address": "65oeemdkFvn2QsW9N42mx9KHdhUpvbcgwYFmTb6wRSyC", "base_mint": "CrXbkD9dxztHMsvNTfrKuhF6URr1eQk2Lys3zui78iL2", "status": "RUG_PULL", "risk_count": 7, "risks": [{"name": "Large Amount of LP Unlocked", "value": "100.00%", "description": "A large amount of LP tokens are unlocked, allowing the owner to remove liquidity at any point.", "score": 10999, "level": "danger"}, {"name": "Top 10 holders high ownership", "value": "", "description": "The top 10 users hold more than 70% token supply", "score": 10099, "level": "danger"}, {"name": "Low Amount of holders", "value": "", "description": "Not many holders are holding the token", "score": 10000, "level": "warn"}, {"name": "Single holder ownership", "value": "100.00%", "description": "One user holds a large amount of the token supply", "score": 9999, "level": "danger"}, {"name": "Low Liquidity", "value": "$57.40", "description": "Low amount of liquidity in the token pool", "score": 2942, "level": "danger"}, {"name": "High ownership", "value": "", "description": "The top users hold more than 80% token supply", "score": 1499, "level": "danger"}, {"name": "Low amount of LP Providers", "value": "", "description": "Only a few users are providing liquidity", "score": 500, "level": "warn"}]}
{"pool_address": "H9B7wtgedgomf1WkRyA4cY8j1Q28xu3JPEAxUfWRwMfy", "base_mint": "8G3T9Abz1EtggZMadK6kDbojmZojiAX5TSGAUFRuQBe4", "status": "RUG_PULL", "risk_count": 4, "risks": [{"name": "Creator history of rugged tokens", "value": "", "description": "Creator has a history of rugging tokens.", "score": 120000, "level": "danger"}, {"name": "Large Amount of LP Unlocked", "value": "100.00%", "description": "A large amount of LP tokens are unlocked, allowing the owner to remove liquidity at any point.", "score": 10999, "level": "danger"}, {"name": "Low Liquidity", "value": "$130.84", "description": "Low amount of liquidity in the token pool", "score": 2869, "level": "danger"}, {"name": "Low amount of LP Providers", "value": "", "description": "Only a few users are providing liquidity", "score": 500, "level": "warn"}]}
{"pool_address": "9usuSrSzzUNrE9KtirY9VosWAKqCGCW2b1f9DfqdF9n7", "base_mint": "k6vGxD9CJhCzYFTTyX7JizCs42vVLUV9tv1upDGxbTL", "status": "RUG_PULL", "risk_count": 2, "risks": [{"name": "Large Amount of LP Unlocked", "value": "100.00%", "description": "A large amount of LP tokens are unlocked, allowing the owner to remove liquidity at any point.", "score": 11000, "level": "danger"}, {"name": "Low amount of LP Providers", "value": "", "description": "Only a few users are providing liquidity", "score": 500, "level": "warn"}]}
{"pool_address": "ATatzzMNVge7YYxuz5YgDnFfXrobv4ULjxqPtu3t6aaN", "base_mint": "GqkJUBE2sr4bdu4HWvBhX3LS49i6cGRcRfsnpzEZUwGh", "status": "RUG_PULL", "risk_count": 7, "risks": [{"name": "Large Amount of LP Unlocked", "value": "100.00%", "description": "A large amount of LP tokens are unlocked, allowing the owner to remove liquidity at any point.", "score": 11000, "level": "danger"}, {"name": "Top 10 holders high ownership", "value": "", "description": "The top 10 users hold more than 70% token supply", "score": 10071, "level": "danger"}, {"name": "Single holder ownership", "value": "93.34%", "description": "One user holds a large amount of the token supply", "score": 9334, "level": "danger"}, {"name": "Low Liquidity", "value": "$0.24", "description": "Low amount of liquidity in the token pool", "score": 2999, "level": "danger"}, {"name": "High ownership", "value": "", "description": "The top users hold more than 80% token supply", "score": 1497, "level": "danger"}, {"name": "Low amount of LP Providers", "value": "", "description": "Only a few users are providing liquidity", "score": 500, "level": "warn"}, {"name": "Mutable metadata", "value": "", "description": "Token metadata can be changed by the owner", "score": 100, "level": "warn"}]}
{"pool_address": "ArQSGgaxVuzvg1RLikXdss8Zyg94LD3B5NTYsyzHmMbn", "base_mint": "3vZY2MKBzRMoT4nGUCWYzXPTES2jLaLNMV8Fn5cKpump", "status": "RUG_PULL", "risk_count": 1, "risks": [{"name": "Low amount of LP Providers", "value": "", "description": "Only a few users are providing liquidity", "score": 500, "level": "warn"}]}
{"pool_address": "6GQouLAEgcKaFn9X48G6GbjBNZKFnSwbUcZKRok6J77S", "base_mint": "884PdjHLA2EfJ9oEBp4guVsRAkDTmF1ynK82GPp21JpB", "status": "RUG_PULL", "risk_count": 2, "risks": [{"name": "Large Amount of LP Unlocked", "value": "100.00%", "description": "A large amount of LP tokens are unlocked, allowing the owner to remove liquidity at any point.", "score": 11000, "level": "danger"}, {"name": "Low amount of LP Providers", "value": "", "description": "Only a few users are providing liquidity", "score": 500, "level": "warn"}]}
{"pool_address": "CZssCAgJBeD3mTpq9RpXiEEEMVehwC8GVGutL5p2LvML", "base_mint": "3gVBprH5NiBX5fdVc4SdmUe68G29DzoDrjNgm2S9BKfW", "status": "RUG_PULL", "risk_count": 8, "risks": [{"name": "Large Amount of LP Unlocked", "value": "100.00%", "description": "A large amount of LP tokens are unlocked, allowing the owner to remove liquidity at any point.", "score": 11000, "level": "danger"}, {"name": "Top 10 holders high ownership", "value": "", "description": "The top 10 users hold more than 70% token supply", "score": 10034, "level": "danger"}, {"name": "Creator history of rugged tokens", "value": "", "description": "Creator has a history of rugging tokens.", "score": 4800, "level": "danger"}, {"name": "Single holder ownership", "value": "47.49%", "description": "One user holds a large amount of the token supply", "score": 4749, "level": "danger"}, {"name": "Low Liquidity", "value": "$0.02", "description": "Low amount of liquidity in the token pool", "score": 2999, "level": "danger"}, {"name": "High ownership", "value": "", "description": "The top users hold more than 80% token supply", "score": 1493, "level": "danger"}, {"name": "Low amount of LP Providers", "value": "", "description": "Only a few users are providing liquidity", "score": 500, "level": "warn"}, {"name": "Mutable metadata", "value": "", "description": "Token metadata can be changed by the owner", "score": 100, "level": "warn"}]}
{"pool_address": "6AGndrf3bNvsy1vdpYqj36dP66nLqwzQcfSfXXimtk5u", "base_mint": "3JnnZ42yHqWc42uxBbp4wA6kZozN11a6CxEGPE1AuyAZ", "status": "RUG_PULL", "risk_count": 6, "risks": [{"name": "Top 10 holders high ownership", "value": "", "description": "The top 10 users hold more than 70% token supply", "score": 10099, "level": "danger"}, {"name": "Low Amount of holders", "value": "", "description": "Not many holders are holding the token", "score": 10000, "level": "warn"}, {"name": "Single holder ownership", "value": "100.00%", "description": "One user holds a large amount of the token supply", "score": 9999, "level": "danger"}, {"name": "Low Liquidity", "value": "$0.02", "description": "Low amount of liquidity in the token pool", "score": 2999, "level": "danger"}, {"name": "High ownership", "value": "", "description": "The top users hold more than 80% token supply", "score": 1499, "level": "danger"}, {"name": "Low amount of LP Providers", "value": "", "description": "Only a few users are providing liquidity", "score": 500, "level": "warn"}]}
{"pool_address": "DLwctLYtL1c6fHqJ3wcNfQLkFjNYcL42NDAKgdrPuEx5", "base_mint": "HYZ1RG7nx1zGwVMktvqRA6te5J3BPue2JFvTwYiQ87ZB", "status": "RUG_PULL", "risk_count": 2, "risks": [{"name": "Large Amount of LP Unlocked", "value": "100.00%", "description": "A large amount of LP tokens are unlocked, allowing the owner to remove liquidity at any point.", "score": 10999, "level": "danger"}, {"name": "Low amount of LP Providers", "value": "", "description": "Only a few users are providing liquidity", "score": 400, "level": "warn"}]}
{"pool_address": "9yJSM8dMRbREXML2rswcqAv4MAc72ZoNFDYjqv7MQm7g", "base_mint": "AfcqacwBppHFY7YzVHqjMR54Swgyw4X6txMH5qvirjaF", "status": "RUG_PULL", "risk_count": 8, "risks": [{"name": "Large Amount of LP Unlocked", "value": "100.00%", "description": "A large amount of LP tokens are unlocked, allowing the owner to remove liquidity at any point.", "score": 11000, "level": "danger"}, {"name": "Top 10 holders high ownership", "value": "", "description": "The top 10 users hold more than 70% token supply", "score": 10091, "level": "danger"}, {"name": "Single holder ownership", "value": "97.20%", "description": "One user holds a large amount of the token supply", "score": 9719, "level": "danger"}, {"name": "Low Liquidity", "value": "$0.18", "description": "Low amount of liquidity in the token pool", "score": 2999, "level": "danger"}, {"name": "Creator history of rugged tokens", "value": "", "description": "Creator has a history of rugging tokens.", "score": 2400, "level": "danger"}, {"name": "High ownership", "value": "", "description": "The top users hold more than 80% token supply", "score": 1499, "level": "danger"}, {"name": "Low amount of LP Providers", "value": "", "description": "Only a few users are providing liquidity", "score": 500, "level": "warn"}, {"name": "Mutable metadata", "value": "", "description": "Token metadata can be changed by the owner", "score": 100, "level": "warn"}]}
{"pool_address": "ERSVso7fv2RvmUZ3CYX3NM8MpQfZFNvsZQeznowa7bf2", "base_mint": "EqWDTF4n4okRnRhQVBmLwbtnXFLoZ8iFPRHTM6Jfuyz3", "status": "RUG_PULL", "risk_count": 6, "risks": [{"name": "Large Amount of LP Unlocked", "value": "100.00%", "description": "A large amount of LP tokens are unlocked, allowing the owner to remove liquidity at any point.", "score": 11000, "level": "danger"}, {"name": "Top 10 holders high ownership", "value": "", "description": "The top 10 users hold more than 70% token supply", "score": 10099, "level": "danger"}, {"name": "Single holder ownership", "value": "99.91%", "description": "One user holds a large amount of the token supply", "score": 9991, "level": "danger"}, {"name": "Low Liquidity", "value": "$0.54", "description": "Low amount of liquidity in the token pool", "score": 2999, "level": "danger"}, {"name": "High ownership", "value": "", "description": "The top users hold more than 80% token supply", "score": 1499, "level": "danger"}, {"name": "Low amount of LP Providers", "value": "", "description": "Only a few users are providing liquidity", "score": 500, "level": "warn"}]}
{"pool_address": "5YGbKvDeNSPU1iCWnsqCksSfovsJjJFqXj4t5hcFXS6B", "base_mint": "DEhfAme9BXv2o993DfhvLHyyiX4Yn535GRKUogyR8XT1", "status": "RUG_PULL", "risk_count": 7, "risks": [{"name": "Large Amount of LP Unlocked", "value": "100.00%", "description": "A large amount of LP tokens are unlocked, allowing the owner to remove liquidity at any point.", "score": 11000, "level": "danger"}, {"name": "Top 10 holders high ownership", "value": "", "description": "The top 10 users hold more than 70% token supply", "score": 10008, "level": "danger"}, {"name": "Single holder ownership", "value": "89.05%", "description": "One user holds a large amount of the token supply", "score": 8905, "level": "danger"}, {"name": "Low Liquidity", "value": "$0.81", "description": "Low amount of liquidity in the token pool", "score": 2999, "level": "danger"}, {"name": "High ownership", "value": "", "description": "The top users hold more than 80% token supply", "score": 1490, "level": "danger"}, {"name": "Low amount of LP Providers", "value": "", "description": "Only a few users are providing liquidity", "score": 500, "level": "warn"}, {"name": "Mutable metadata", "value": "", "description": "Token metadata can be changed by the owner", "score": 100, "level": "warn"}]}
{"pool_address": "6ztAP6V9yfzJrtkUWKsrTrquGKdPtzh4vkWStojDPsTu", "base_mint": "DLd7HRi5rTvJcwW32L1AcMuewibsdjZiP4sMkmoM6DSD", "status": "RUG_PULL", "risk_count": 7, "risks": [{"name": "Creator history of rugged tokens", "value": "", "description": "Creator has a history of rugging tokens.", "score": 14400, "level": "danger"}, {"name": "Large Amount of LP Unlocked", "value": "100.00%", "description": "A large amount of LP tokens are unlocked, allowing the owner to remove liquidity at any point.", "score": 10999, "level": "danger"}, {"name": "Top 10 holders high ownership", "value": "", "description": "The top 10 users hold more than 70% token supply", "score": 7935, "level": "danger"}, {"name": "Single holder ownership", "value": "21.47%", "description": "One user holds a large amount of the token supply", "score": 7146, "level": "warn"}, {"name": "Single holder ownership", "value": "50.00%", "description": "One user holds a large amount of the token supply", "score": 5000, "level": "danger"}, {"name": "Low Liquidity", "value": "$150.32", "description": "Low amount of liquidity in the token pool", "score": 2849, "level": "danger"}, {"name": "Low amount of LP Providers", "value": "", "description": "Only a few users are providing liquidity", "score": 500, "level": "warn"}]}
{"pool_address": "BDXHRK6e1eWPxJ1QeCzEnn6sBenxLN2WqoDR4A1ueoec", "base_mint": "DBfgAwEbtqypeeHqi51B9X8szMzuULApXz32CKVR2SZ1", "status": "RUG_PULL", "risk_count": 6, "risks": [{"name": "Creator history of rugged tokens", "value": "", "description": "Creator has a history of rugging tokens.", "score": 120000, "level": "danger"}, {"name": "Top 10 holders high ownership", "value": "", "description": "The top 10 users hold more than 70% token supply", "score": 10099, "level": "danger"}, {"name": "Single holder ownership", "value": "93.06%", "description": "One user holds a large amount of the token supply", "score": 9306, "level": "danger"}, {"name": "Low Liquidity", "value": "$0.43", "description": "Low amount of liquidity in the token pool", "score": 2999, "level": "danger"}, {"name": "High ownership", "value": "", "description": "The top users hold more than 80% token supply", "score": 1499, "level": "danger"}, {"name": "Low amount of LP Providers", "value": "", "description": "Only a few users are providing liquidity", "score": 500, "level": "warn"}]}
{"pool_address": "6G9tvoGES8YR6u12b5sez4wpatZKXq9tb85wupBH2gtw", "base_mint": "8rTYZKm6zTb1EPviLYEZv9marHvPL44dV2icfucYVGeU", "status": "RUG_PULL", "risk_count": 2, "risks": [{"name": "Large Amount of LP Unlocked", "value": "100.00%", "description": "A large amount of LP tokens are unlocked, allowing the owner to remove liquidity at any point.", "score": 11000, "level": "danger"}, {"name": "Low amount of LP Providers", "value": "", "description": "Only a few users are providing liquidity", "score": 500, "level": "warn"}]}
{"pool_address": "BYTiU8GjkirF5mArUiYxZZA89iFyAyHxXPHG4YoEPDB1", "base_mint": "Dh7VfWhLvGudXWw4c5gK4Uvysp1sPpsLJnSYBwrTMtLV", "status": "RUG_PULL", "risk_count": 3, "risks": [{"name": "Large Amount of LP Unlocked", "value": "100.00%", "description": "A large amount of LP tokens are unlocked, allowing the owner to remove liquidity at any point.", "score": 10999, "level": "danger"}, {"name": "Low amount of LP Providers", "value": "", "description": "Only a few users are providing liquidity", "score": 400, "level": "warn"}, {"name": "Mutable metadata", "value": "", "description": "Token metadata can be changed by the owner", "score": 100, "level": "warn"}]}
{"pool_address": "5AM996juLs5gCZx6sA91PhBeMvdfih7vYwKCi5gqiEMY", "base_mint": "EySNc4sdkH85PE1pdKTZ1WsojDJJWNvacTTJuiV5RRd1", "status": "RUG_PULL", "risk_count": 6, "risks": [{"name": "Top 10 holders high ownership", "value": "", "description": "The top 10 users hold more than 70% token supply", "score": 10099, "level": "danger"}, {"name": "Low Amount of holders", "value": "", "description": "Not many holders are holding the token", "score": 10000, "level": "warn"}, {"name": "Single holder ownership", "value": "100.00%", "description": "One user holds a large amount of the token supply", "score": 9999, "level": "danger"}, {"name": "Low Liquidity", "value": "$0.00", "description": "Low amount of liquidity in the token pool", "score": 2999, "level": "danger"}, {"name": "High ownership", "value": "", "description": "The top users hold more than 80% token supply", "score": 1499, "level": "danger"}, {"name": "Low amount of LP Providers", "value": "", "description": "Only a few users are providing liquidity", "score": 500, "level": "warn"}]}
{"pool_address": "GmXvqjfnMmNHF4RRCx8aEZmbUwSTmGbF9YSaeDfoGm7w", "base_mint": "TYbAsGxZAPsM1XyAPgZMyE4foCZre4brvPgyy87D9RX", "status": "RUG_PULL", "risk_count": 2, "risks": [{"name": "Large Amount of LP Unlocked", "value": "100.00%", "description": "A large amount of LP tokens are unlocked, allowing the owner to remove liquidity at any point.", "score": 11000, "level": "danger"}, {"name": "Low amount of LP Providers", "value": "", "description": "Only a few users are providing liquidity", "score": 500, "level": "warn"}]}
{"pool_address": "9Fg8Wo2nvLhrRWxhPziQxocLJwVhx7RVr553pVpZejMJ", "base_mint": "H7js8SRTVnc9yhqVhaUb4do1tACJvdswbZVeR3J1xAqx", "status": "RUG_PULL", "risk_count": 2, "risks": [{"name": "Large Amount of LP Unlocked", "value": "100.00%", "description": "A large amount of LP tokens are unlocked, allowing the owner to remove liquidity at any point.", "score": 11000, "level": "danger"}, {"name": "Low amount of LP Providers", "value": "", "description": "Only a few users are providing liquidity", "score": 500, "level": "warn"}]}
{"pool_address": "7jEE8ggjDmLYtwANXZGzd9UB1mwHqZqU7KCFQJkcFtsM", "base_mint": "Bcc2zpGpqH8D54FQJd5Bxxob9uySYtV6paPsbr9m1wzv", "status": "RUG_PULL", "risk_count": 4, "risks": [{"name": "Large Amount of LP Unlocked", "value": "100.00%", "description": "A large amount of LP tokens are unlocked, allowing the owner to remove liquidity at any point.", "score": 10999, "level": "danger"}, {"name": "Creator history of rugged tokens", "value": "", "description": "Creator has a history of rugging tokens.", "score": 7200, "level": "danger"}, {"name": "Low Liquidity", "value": "$384.37", "description": "Low amount of liquidity in the token pool", "score": 2615, "level": "danger"}, {"name": "Low amount of LP Providers", "value": "", "description": "Only a few users are providing liquidity", "score": 500, "level": "warn"}]}
