{"pool_address": "BbZrpRRNeWQNhW841qF7mw6ko29NKX8pvm7Nr4F5rvYF", "base_mint": "5EpUZXNNsiPuKAW1Yu3JhaYd8kUZctkbJFzSsQv4MgXH", "status": "RUG_PULL", "risk_count": 4, "risks": [{"name": "Large Amount of LP Unlocked", "value": "100.00%", "description": "A large amount of LP tokens are unlocked, allowing the owner to remove liquidity at any point.", "score": 10999, "level": "danger"}, {"name": "Low Liquidity", "value": "$51.64", "description": "Low amount of liquidity in the token pool", "score": 2948, "level": "danger"}, {"name": "High holder concentration", "value": "", "description": "The top 10 users hold more than 50% token supply", "score": 1098, "level": "warn"}, {"name": "Low amount of LP Providers", "value": "", "description": "Only a few users are providing liquidity", "score": 500, "level": "warn"}]}
{"pool_address": "4Kuq75pKwP1Rf6M1s8UfZEfptJdz7MCoijMrreSWvjRh", "base_mint": "Dz6KaDH6pKwMSW5rNt86zPpYjUin3PGBbN4HVL7XvA5E", "status": "RUG_PULL", "risk_count": 6, "risks": [{"name": "Large Amount of LP Unlocked", "value": "100.00%", "description": "A large amount of LP tokens are unlocked, allowing the owner to remove liquidity at any point.", "score": 10999, "level": "danger"}, {"name": "Top 10 holders high ownership", "value": "", "description": "The top 10 users hold more than 70% token supply", "score": 7360, "level": "danger"}, {"name": "Single holder ownership", "value": "32.00%", "description": "One user holds a large amount of the token supply", "score": 3199, "level": "warn"}, {"name": "Low Liquidity", "value": "$1441.26", "description": "Low amount of liquidity in the token pool", "score": 1558, "level": "danger"}, {"name": "Low amount of LP Providers", "value": "", "description": "Only a few users are providing liquidity", "score": 400, "level": "warn"}, {"name": "Mutable metadata", "value": "", "description": "Token metadata can be changed by the owner", "score": 100, "level": "warn"}]}
{"pool_address": "qz1fdxfahEGvHjq1PxaUaYNBnNBtGbzYaDQ1zTdffAP", "base_mint": "GeG6tevGjQ9VXRmwxXu4XjmttR89Qv2SFoJ6Uprjbonk", "status": "RUG_PULL", "risk_count": 1, "risks": [{"name": "Low amount of LP Providers", "value": "", "description": "Only a few users are providing liquidity", "score": 500, "level": "warn"}]}
{"pool_address": "qz1fdxfahEGvHjq1PxaUaYNBnNBtGbzYaDQ1zTdffAP", "base_mint": "GeG6tevGjQ9VXRmwxXu4XjmttR89Qv2SFoJ6Uprjbonk", "status": "RUG_PULL", "risk_count": 1, "risks": [{"name": "Low amount of LP Providers", "value": "", "description": "Only a few users are providing liquidity", "score": 500, "level": "warn"}]}
{"pool_address": "qz1fdxfahEGvHjq1PxaUaYNBnNBtGbzYaDQ1zTdffAP", "base_mint": "GeG6tevGjQ9VXRmwxXu4XjmttR89Qv2SFoJ6Uprjbonk", "status": "RUG_PULL", "risk_count": 1, "risks": [{"name": "Low amount of LP Providers", "value": "", "description": "Only a few users are providing liquidity", "score": 500, "level": "warn"}]}
{"pool_address": "qz1fdxfahEGvHjq1PxaUaYNBnNBtGbzYaDQ1zTdffAP", "base_mint": "GeG6tevGjQ9VXRmwxXu4XjmttR89Qv2SFoJ6Uprjbonk", "status": "RUG_PULL", "risk_count": 1, "risks": [{"name": "Low amount of LP Providers", "value": "", "description": "Only a few users are providing liquidity", "score": 500, "level": "warn"}]}
{"pool_address": "qz1fdxfahEGvHjq1PxaUaYNBnNBtGbzYaDQ1zTdffAP", "base_mint": "GeG6tevGjQ9VXRmwxXu4XjmttR89Qv2SFoJ6Uprjbonk", "status": "RUG_PULL", "risk_count": 1, "risks": [{"name": "Low amount of LP Providers", "value": "", "description": "Only a few users are providing liquidity", "score": 500, "level": "warn"}]}
{"pool_address": "qz1fdxfahEGvHjq1PxaUaYNBnNBtGbzYaDQ1zTdffAP", "base_mint": "GeG6tevGjQ9VXRmwxXu4XjmttR89Qv2SFoJ6Uprjbonk", "status": "RUG_PULL", "risk_count": 1, "risks": [{"name": "Low amount of LP Providers", "value": "", "description": "Only a few users are providing liquidity", "score": 500, "level": "warn"}]}
{"pool_address": "qz1fdxfahEGvHjq1PxaUaYNBnNBtGbzYaDQ1zTdffAP", "base_mint": "GeG6tevGjQ9VXRmwxXu4XjmttR89Qv2SFoJ6Uprjbonk", "status": "RUG_PULL", "risk_count": 1, "risks": [{"name": "Low amount of LP Providers", "value": "", "description": "Only a few users are providing liquidity", "score": 500, "level": "warn"}]}
{"pool_address": "qz1fdxfahEGvHjq1PxaUaYNBnNBtGbzYaDQ1zTdffAP", "base_mint": "GeG6tevGjQ9VXRmwxXu4XjmttR89Qv2SFoJ6Uprjbonk", "status": "RUG_PULL", "risk_count": 1, "risks": [{"name": "Low amount of LP Providers", "value": "", "description": "Only a few users are providing liquidity", "score": 500, "level": "warn"}]}
{"pool_address": "qz1fdxfahEGvHjq1PxaUaYNBnNBtGbzYaDQ1zTdffAP", "base_mint": "GeG6tevGjQ9VXRmwxXu4XjmttR89Qv2SFoJ6Uprjbonk", "status": "RUG_PULL", "risk_count": 1, "risks": [{"name": "Low amount of LP Providers", "value": "", "description": "Only a few users are providing liquidity", "score": 500, "level": "warn"}]}
{"pool_address": "42ycPi8vpaD1NPicUzyGpEa5CwPq16PKutQUF1ejbh3n", "base_mint": "HJ2xgAzWaKbv3aNMcgpKmwcrAomfwKEoBdCb9C5J1xsX", "status": "RUG_PULL", "risk_count": 2, "risks": [{"name": "Large Amount of LP Unlocked", "value": "100.00%", "description": "A large amount of LP tokens are unlocked, allowing the owner to remove liquidity at any point.", "score": 11000, "level": "danger"}, {"name": "Low amount of LP Providers", "value": "", "description": "Only a few users are providing liquidity", "score": 500, "level": "warn"}]}
{"pool_address": "6CCxCR588ahLvhb6kteRW8jnc7w4c7wpNZG5Bhd86qni", "base_mint": "CvKP9y6UBskJv6pqGWsztXPd1u18YhyV7hp7QWjwG1oP", "status": "RUG_PULL", "risk_count": 6, "risks": [{"name": "Large Amount of LP Unlocked", "value": "100.00%", "description": "A large amount of LP tokens are unlocked, allowing the owner to remove liquidity at any point.", "score": 10999, "level": "danger"}, {"name": "Low Amount of holders", "value": "", "description": "Not many holders are holding the token", "score": 10000, "level": "warn"}, {"name": "Single holder ownership", "value": "45.00%", "description": "One user holds a large amount of the token supply", "score": 4499, "level": "danger"}, {"name": "High holder concentration", "value": "", "description": "The top 10 users hold more than 50% token supply", "score": 1046, "level": "warn"}, {"name": "Low amount of LP Providers", "value": "", "description": "Only a few users are providing liquidity", "score": 400, "level": "warn"}, {"name": "Mutable metadata", "value": "", "description": "Token metadata can be changed by the owner", "score": 100, "level": "warn"}]}
{"pool_address": "7xecU5AU3MtBoTUAAeCF3TW3oGJNjybYRonLTu8n6iWK", "base_mint": "7RUyzmTudhnAgwZdGocmKeSikUzNfg3s5pqm86MEsxMK", "status": "RUG_PULL", "risk_count": 4, "risks": [{"name": "Large Amount of LP Unlocked", "value": "100.00%", "description": "A large amount of LP tokens are unlocked, allowing the owner to remove liquidity at any point.", "score": 10999, "level": "danger"}, {"name": "Low Liquidity", "value": "$5.52", "description": "Low amount of liquidity in the token pool", "score": 2994, "level": "danger"}, {"name": "Creator history of rugged tokens", "value": "", "description": "Creator has a history of rugging tokens.", "score": 2400, "level": "danger"}, {"name": "Low amount of LP Providers", "value": "", "description": "Only a few users are providing liquidity", "score": 500, "level": "warn"}]}
{"pool_address": "F9ahYZFvG7wU421ZLnNDrNRs2bGaceDyQPSLXz3s6ErS", "base_mint": "H6jmWth1woratn3rKSRXHMvf7ALc5DWwPKUReJAfr1N6", "status": "RUG_PULL", "risk_count": 10, "risks": [{"name": "Freeze Authority still enabled", "value": "", "description": "Tokens can be frozen and prevented from trading", "score": 25000, "level": "danger"}, {"name": "Large Amount of LP Unlocked", "value": "100.00%", "description": "A large amount of LP tokens are unlocked, allowing the owner to remove liquidity at any point.", "score": 10999, "level": "danger"}, {"name": "Low Amount of holders", "value": "", "description": "Not many holders are holding the token", "score": 10000, "level": "warn"}, {"name": "Top 10 holders high ownership", "value": "", "description": "The top 10 users hold more than 70% token supply", "score": 9456, "level": "danger"}, {"name": "Single holder ownership", "value": "91.34%", "description": "One user holds a large amount of the token supply", "score": 9134, "level": "danger"}, {"name": "Symbol Mismatch", "value": "", "description": "Token symbol does not match the file metadata", "score": 1500, "level": "danger"}, {"name": "High ownership", "value": "", "description": "The top users hold more than 80% token supply", "score": 1435, "level": "danger"}, {"name": "Low Liquidity", "value": "$2095.98", "description": "Low amount of liquidity in the token pool", "score": 904, "level": "warn"}, {"name": "Low amount of LP Providers", "value": "", "description": "Only a few users are providing liquidity", "score": 400, "level": "warn"}, {"name": "Name Mismatch", "value": "", "description": "Token name does not match the file metadata", "score": 100, "level": "warn"}]}
